text,label
"BBC set for major shake-up, claims newspaper London - The British Broadcasting Corporation, the world #39;s biggest public broadcaster, is to cut almost a quarter of its 28 000-strong workforce, in the biggest shake-up in its 82-year history, The Times newspaper in London said on Monday.",2
Marsh averts cash crunch Embattled insurance broker #39;s banks agree to waive clause that may have prevented access to credit. NEW YORK (Reuters) - Marsh  amp; McLennan Cos.,2
"Jeter, Yankees Look to Take Control (AP) AP - Derek Jeter turned a season that started with a terrible slump into one of the best in his accomplished 10-year career.",1
"Flying the Sun to Safety When the Genesis capsule comes back to Earth with its samples of the sun, helicopter pilots will be waiting for it, ready to snag it out of the sky.",3
"Stocks Seen Flat as Nortel and Oil Weigh  NEW YORK (Reuters) - U.S. stocks were set to open near  unchanged on Thursday after a warning from technology  bellwether Nortel Networks Corp. &lt;A HREF=""http://www.investor.reuters.com/FullQuote.aspx?ticker=NT.N target=/stocks/quickinfo/fullquote""&gt;NT.N&lt;/A&gt; dimmed hopes, while  stubbornly high oil prices also weighed on sentiment.",2
"Inter Milan seeks redemption win against Juventus It is early in the season for a decisive match, yet Inter Milan-Juventus on Sunday is shaping up as exactly that. Serie A leader Juventus stands 15 points ahead of Inter, but both teams see the meeting as key to their season.",1
Saudi Arabia cuts oil prices Oil prices eased yesterday as top world exporter Saudi Arabia slashed prices for its westbound crude sales in an effort to shift the large volumes it is offering to cool world markets.,2
"Google Cuts Its IPO Price Range SAN JOSE, Calif. - In a sign that Google Inc.'s initial public offering will not be as hot or big as expected, the Internet search giant slashed its estimated per-share price range and reduced the number of shares to be sold by insiders...",0
"FOCUS: Santander Says HBOS Counterbid To Face Problems LONDON (Dow Jones)--Banco Santander Central Hispano SA (STD), the Spanish bank planning to buy UK lender Abbey National PLC (ANBA), Monday attacked its potential domestic ",2
"HP Revises Cluster Plans HP (Quote, Chart) is dropping its efforts to port some Tru64 Unix products to HP-UX with the help of storage player Veritas . The two companies announced a multi-year agreement Thursday that finds HP #39;s sales ",3
"Manugistics Fires Its President Manugistics Group Inc. disclosed Monday that it fired its president, as the maker of business software tries to reverse slipping sales, rising costs and a falling stock price. &lt;BR&gt;&lt;FONT face=""verdana,MS Sans Serif,arial,helvetica"" size=""-2""\ color=""#666666""&gt;&lt;B&gt;-The Washington Post&lt;/B&gt;&lt;/FONT&gt;",3
US genocide charge is Bush election ploy - Sudan FM (AFP) AFP - Sudan's foreign minister rejected US charges of genocide in the western region of Darfur as a reelection ploy by US President George W. Bush.,0
"Netflix CEO Rates Blockbuster, Amazon Threats (Reuters) Reuters - Netflix Inc chief\executive Reed Hastings said on Friday that Blockbuster Inc has\more to lose in the war for online DVD renters than emerging\foe Amazon.com Inc.",3
"Fake goods tempting young adults Young people are increasingly happy to buy pirated goods or illegal download content from the net, a survey shows.",3
RealNetworks signs up Red Flag Linux Digital media company signs up a new Linux partner to distribute its audio and video player.,3
"Stop croc water swimming: coroner THE public still did not appreciate how frighteningly dangerous crocodiles were, even after the fatal mauling of a German tourist two years ago, a coroner said today.",0
"O'Brien Sues OSU for  #36;3.4 Million (AP) AP - Former Ohio State basketball coach Jim O'Brien sued the school, claiming he is owed at least  #36;3.4 million because his firing violated terms of his contract.",1
"Construction Spending Hits All-Time High WASHINGTON - Construction spending surged in August to the highest level on record, while manufacturing grew at a slower pace in September, offering mixed signals about the economy's strength.    The Commerce Department reported Friday that the value of buildings put in place clocked in at a seasonally adjusted annual rate of \$1.02 trillion, a record high...",0
"Hewitt Wins Long Island, Sends U.S. Open Warning  COMMACK, New York (Reuters) - Former world number one  Lleyton Hewitt hammered out a warning to his rivals for next  week's U.S. Open as he demolished Peru's Luis Horna 6-3, 6-1,  to win the Long Island Cup on Sunday.",1
"Alaska Brown Bears Gather for Annual Salmon Feast Each summer, the falls at McNeil River turn into a mosh pit of bears. Instead of thumping music, it's the sound of salmon slapping their way up the falls at the McNeil River State Game Sanctuary that sends the bears into a fishing frenzy.",3
"MLB Notebook: Johnson trade still in the works The New York Yankees, Arizona and Los Angeles spent yesterday trying to put the finishing touches on the megadeal that would move All-Stars Randy Johnson, Shawn Green and Javier Vazquez.",1
MSN #39;s download service expanding Microsoft #39;s has launched its MSN music download service in eight more European countries as the software giant bids to takes on Apple #39;s market leading iTunes.,3
US Army to withhold portion of Halliburton payments The billing dispute between the US Army and Houston-based Halliburton Co. continues as the Army on Tuesday said it would withhold paying 15 percent of future invoices from Halliburton. ,2
Geminid Meteor Shower Could Be Spectacular DENVER -- Coloradans willing to brave the nighttime cold and get away from the lights of the city could be in for a spectacular show Monday night.,3
"The U.S. Gives Mia Hamm a Golden Farewell  ATHENS (Reuters) - The United States gave Hall of Famer Mia  Hamm the perfect send-off Thursday, beating Brazil 2-1 to win  Olympic gold in the women's soccer tournament.",1
"US Considering Incentives for Iran Resigning Iranian Vice-President Mohammad Ali Abtahi, center, and newly appointed Vice-President Majid Ansari, second left, attend a meeting of the central council of their party President Mohammad Khatami accepted Abtahi #39;s resignation, in Tehran, Iran ",0
"In Our View: Sanctions not enough for Sudan While most of the country #39;s attention has been focused on Iraq, a human-rights crisis has been unfolding in north Africa. In Darfur, Sudan, more than 50,000 people have been killed and 1.2 million displaced ",0
"Apex court permits night viewing of Taj Mahal: India News: New Delhi, Nov 25 : The Supreme Court Thursday permitted the Uttar Pradesh government to allow visitors to view the Taj Mahal on five moonlit nights a month.",0
Krispy Kreme #39;s hot streak cools The niche doughnuts that rose quickly in popularity are feeling the weight of the low-carb craze and mass marketing. By Deb Kollars and Edie Lau -- Bee Staff Writers.,2
"EU Wants to Cut Greenhouse Gases in Cars, Shoes (Reuters) Reuters - The European Union's battle against\global warming will force companies to change automobile air\conditioning systems and restrict the sale of air-cushioned\sports shoes, European Union ministers said on Thursday.",3
